,HDI,Life,Expected,Mean,GNI
HDI,1.0,0.8184849959861286,0.9997996483948285,-0.9962523525107003,-0.18450442484224674
Life,0.8184849959861286,1.0,0.8068209332872618,-0.7657242598281641,-0.7156783293101906
Expected,0.9997996483948285,0.8068209332872618,1.0,-0.9977840693538851,-0.1647945400249766
Mean,-0.9962523525107003,-0.7657242598281641,-0.9977840693538851,1.0,0.09880370734729366
GNI,-0.18450442484224674,-0.7156783293101906,-0.1647945400249766,0.09880370734729366,1.0
